VLAN,Label,IPv6 Net,IPv4 Net
0,RESERVED,Not Registered,Not Registered
1001,NET-1,fd8d:6ff2:7bc:1,192.168.1.0
1002,NET-2,fd8d:6ff2:7bc:2,192.168.2.0
1003,NET-3,fd8d:6ff2:7bc:3,192.168.3.0
1004,NET-4,fd8d:6ff2:7bc:4,192.168.4.0
1005,IPS Sensor Network,fd8d:6ff2:7bc:5,192.168.5.0
1006,UNTRUSTED/LAB-1,fd8d:6ff2:7bc:6,192.168.6.0
1007,UNTRUSTED/LAB-2,fd8d:6ff2:7bc:7,192.168.7.0
1008,UNTRUSTED/LAB-3,fd8d:6ff2:7bc:8,192.168.8.0
1009,UNTRUSTED/LAB-4,fd8d:6ff2:7bc:9,192.168.9.0
1010,MGMT,fd8d:6ff2:7bc:10,192.168.10.0
1011,PHONE/VoIP,fd8d:6ff2:7bc:11,192.168.11.0
1012,RESERVED-1,fd8d:6ff2:7bc:12,192.168.12.0
1013,RESERVED-2,fd8d:6ff2:7bc:13,192.168.13.0
1014,RESERVED-3,fd8d:6ff2:7bc:14,192.168.14.0
1015,SAN,fd8d:6ff2:7bc:15,192.168.15.0
1016,LEGACY-1,fd8d:6ff2:7bc:16,"192.168.16.0        (*IPX, AppleTalk)"
1017,LEGACY-2,fd8d:6ff2:7bc:17,192.168.17.0        (*IP-Only)
1018,LEGACY-3,fd8d:6ff2:7bc:18,192.168.18.0
1019,LEGACY-4,fd8d:6ff2:7bc:19,192.168.19.0
1020,LEGACY-5,fd8d:6ff2:7bc:20,192.168.20.0
1021,SEC/IOT-ZONE-1,fd8d:6ff2:7bc:21,192.168.21.0        (*AV)
1022,SEC/IOT-ZONE-2,fd8d:6ff2:7bc:22,192.168.22.0        (*Ecobee)
1023,SEC/IOT-ZONE-3,fd8d:6ff2:7bc:23,192.168.23.0        (*ADT)
1024,SEC/IOT-ZONE-4,fd8d:6ff2:7bc:24,192.168.24.0        (*Lorex)
1025,SEC/IOT-ZONE-5,fd8d:6ff2:7bc:25,192.168.25.0        (*Schlage)
1026,SEC/IOT-ZONE-6,fd8d:6ff2:7bc:26,192.168.26.0        (*Feit Elec.)
1027,SEC/IOT-ZONE-7,fd8d:6ff2:7bc:27,192.168.27.0        (*Orbit/B-Hyve)
1028,SEC/IOT-ZONE-8,fd8d:6ff2:7bc:28,192.168.28.0        (*Blueair)
1029,SEC/IOT-ZONE-9,fd8d:6ff2:7bc:29,192.168.29.0        (*Hatch)
1030,SEC/IOT-ZONE-10,fd8d:6ff2:7bc:30,192.168.30.0        (*Ecoflow)
1031,SEC/IOT-ZONE-11,fd8d:6ff2:7bc:31,192.168.31.0
1032,SEC/IOT-ZONE-12,fd8d:6ff2:7bc:32,192.168.32.0
1033,SEC/IOT-ZONE-13,fd8d:6ff2:7bc:33,192.168.33.0
1034,SEC/IOT-ZONE-14,fd8d:6ff2:7bc:34,192.168.34.0
1035,SEC/IOT-ZONE-15,fd8d:6ff2:7bc:35,192.168.35.0
1036,SEC/IOT-ZONE-16,fd8d:6ff2:7bc:36,192.168.36.0
1037,SEC/IOT-ZONE-17,fd8d:6ff2:7bc:37,192.168.37.0
1038,SEC/IOT-ZONE-18,fd8d:6ff2:7bc:38,192.168.38.0
1039,SEC/IOT-ZONE-19,fd8d:6ff2:7bc:39,192.168.39.0
1040,SEC/IOT-ZONE-20,fd8d:6ff2:7bc:40,192.168.40.0
1041,RESERVED-1,fd8d:6ff2:7bc:41,192.168.41.0
1042,RESERVED-2,fd8d:6ff2:7bc:42,192.168.42.0
1043,RESERVED-3,fd8d:6ff2:7bc:43,192.168.43.0
1044,RESERVED-4,fd8d:6ff2:7bc:44,192.168.44.0
1045,RESERVED-5,fd8d:6ff2:7bc:45,192.168.45.0
1046,RESERVED-6,fd8d:6ff2:7bc:46,192.168.46.0
1047,RESERVED-7,fd8d:6ff2:7bc:47,192.168.47.0
1048,RESERVED-8,fd8d:6ff2:7bc:48,192.168.48.0
1049,RESERVED-9,fd8d:6ff2:7bc:49,192.168.49.0
1050,Cloud Access VPN 0,fd8d:6ff2:7bc:50,192.168.50.0/30
1051,Cloud Access VPN 1,fd8d:6ff2:7bc:51,192.168.51.0/30
1052,Cloud Access VPN 2,fd8d:6ff2:7bc:52,192.168.52.0/30
1053,Cloud Access VPN 3,fd8d:6ff2:7bc:53,192.168.53.0/30
1054,Cloud Access VPN 4,fd8d:6ff2:7bc:54,192.168.54.0/30
1055,Cloud Access VPN 5,fd8d:6ff2:7bc:55,192.168.55.0/30
1056,Cloud Access VPN 6,fd8d:6ff2:7bc:56,192.168.56.0/30
1057,Cloud Access VPN 7,fd8d:6ff2:7bc:57,192.168.57.0/30
1058,Cloud Access VPN 8,fd8d:6ff2:7bc:58,192.168.58.0/30
1059,Cloud Access VPN 9,fd8d:6ff2:7bc:59,192.168.59.0/30
1060,Privacy VPN 0,fd8d:6ff2:7bc:60,192.168.60.0/30
1061,Privacy VPN 1,fd8d:6ff2:7bc:61,192.168.61.0/30
1062,Privacy VPN 2,fd8d:6ff2:7bc:62,192.168.62.0/30
1063,Privacy VPN 3,fd8d:6ff2:7bc:63,192.168.63.0/30
1064,Privacy VPN 4,fd8d:6ff2:7bc:64,192.168.64.0/30
1065,Privacy VPN 5,fd8d:6ff2:7bc:65,192.168.65.0/30
1066,Privacy VPN 6,fd8d:6ff2:7bc:66,192.168.66.0/30
1067,Privacy VPN 7,fd8d:6ff2:7bc:67,192.168.67.0/30
1068,Privacy VPN 8,fd8d:6ff2:7bc:68,192.168.68.0/30
1069,Privacy VPN 9,fd8d:6ff2:7bc:69,192.168.69.0/30
1070,"""Research"" VPN 0",fd8d:6ff2:7bc:70,192.168.70.0/30
1071,"""Research"" VPN 1",fd8d:6ff2:7bc:71,192.168.71.0/30
1072,"""Research"" VPN 2",fd8d:6ff2:7bc:72,192.168.72.0/30
1073,"""Research"" VPN 3",fd8d:6ff2:7bc:73,192.168.73.0/30
1074,"""Research"" VPN 4",fd8d:6ff2:7bc:74,192.168.74.0/30
1075,"""Research"" VPN 5",fd8d:6ff2:7bc:75,192.168.75.0/30
1076,"""Research"" VPN 6",fd8d:6ff2:7bc:76,192.168.76.0/30
1077,"""Research"" VPN 7",fd8d:6ff2:7bc:77,192.168.77.0/30
1078,"""Research"" VPN 8",fd8d:6ff2:7bc:78,192.168.78.0/30
1079,"""Research"" VPN 9",fd8d:6ff2:7bc:79,192.168.79.0/30
1080,VPN 4/0,fd8d:6ff2:7bc:80,192.168.80.0/30
1081,VPN 4/1,fd8d:6ff2:7bc:81,192.168.81.0/30
1082,VPN 4/2,fd8d:6ff2:7bc:82,192.168.82.0/30
1083,VPN 4/3,fd8d:6ff2:7bc:83,192.168.83.0/30
1084,VPN 4/4,fd8d:6ff2:7bc:84,192.168.84.0/30
1085,VPN 4/5,fd8d:6ff2:7bc:85,192.168.85.0/30
1086,VPN 4/6,fd8d:6ff2:7bc:86,192.168.86.0/30
1087,VPN 4/7,fd8d:6ff2:7bc:87,192.168.87.0/30
1088,VPN 4/8,fd8d:6ff2:7bc:88,192.168.88.0/30
1089,VPN 4/9,fd8d:6ff2:7bc:89,192.168.89.0/30
1090,VPN 5/0,fd8d:6ff2:7bc:90,192.168.90.0/30
1091,VPN 5/1,fd8d:6ff2:7bc:91,192.168.91.0/30
1092,VPN 5/2,fd8d:6ff2:7bc:92,192.168.92.0/30
1093,VPN 5/3,fd8d:6ff2:7bc:93,192.168.93.0/30
1094,VPN 5/4,fd8d:6ff2:7bc:94,192.168.94.0/30
1095,VPN 5/5,fd8d:6ff2:7bc:95,192.168.95.0/30
1096,VPN 5/6,fd8d:6ff2:7bc:96,192.168.96.0/30
1097,VPN 5/7,fd8d:6ff2:7bc:97,192.168.97.0/30
1098,VPN 5/8,fd8d:6ff2:7bc:98,192.168.98.0/30
1099,VPN 5/9,fd8d:6ff2:7bc:99,192.168.99.0/30
1100,CPE-EMTA/RESERVED,Not Registered,192.168.100.1/32        (*Host)
1101,EXT-NAT-1,fd8d:6ff2:7bc:101,192.168.101.0/29
1102,EXT-NAT-2,fd8d:6ff2:7bc:102,192.168.102.0/29
1103,EXT-NAT-3,fd8d:6ff2:7bc:103,192.168.103.0
1104,EXT-NAT-4,fd8d:6ff2:7bc:103,192.168.104.0
1200,DMZ-0-0,fd8d:6ff2:7bc:1200,10.0.0.0
1201,DMZ-0-1,fd8d:6ff2:7bc:1201,10.0.1.0
1202,DMZ-0-2,fd8d:6ff2:7bc:1202,10.0.2.0
1203,DMZ-0-3,fd8d:6ff2:7bc:1203,10.0.3.0
1204,DMZ-0-4,fd8d:6ff2:7bc:1204,10.0.4.0
1205,DMZ-0-5,fd8d:6ff2:7bc:1205,10.0.5.0
1206,DMZ-0-6,fd8d:6ff2:7bc:1206,10.0.6.0
1207,DMZ-0-7,fd8d:6ff2:7bc:1207,10.0.7.0
1208,DMZ-0-8,fd8d:6ff2:7bc:1208,10.0.8.0
1209,DMZ-0-9,fd8d:6ff2:7bc:1209,10.0.9.0
1210,DMZ-0-10,fd8d:6ff2:7bc:1210,10.0.10.0
1211,DMZ-0-11,fd8d:6ff2:7bc:1211,10.0.11.0
1212,DMZ-0-12,fd8d:6ff2:7bc:1212,10.0.12.0
1213,DMZ-0-13,fd8d:6ff2:7bc:1213,10.0.13.0
1214,DMZ-0-14,fd8d:6ff2:7bc:1214,10.0.14.0
1215,DMZ-0-15,fd8d:6ff2:7bc:1215,10.0.15.0
1216,DMZ-0-16,fd8d:6ff2:7bc:1216,10.0.16.0
1217,DMZ-0-17,fd8d:6ff2:7bc:1217,10.0.17.0
1218,DMZ-0-18,fd8d:6ff2:7bc:1218,10.0.18.0
1219,DMZ-0-19,fd8d:6ff2:7bc:1219,10.0.19.0
1220,DMZ-0-20,fd8d:6ff2:7bc:1220,10.0.20.0
1221,DMZ-0-21,fd8d:6ff2:7bc:1221,10.0.21.0
1222,DMZ-0-22,fd8d:6ff2:7bc:1222,10.0.22.0
1223,DMZ-0-23,fd8d:6ff2:7bc:1223,10.0.23.0
1224,DMZ-0-24,fd8d:6ff2:7bc:1224,10.0.24.0
1225,DMZ-0-25,fd8d:6ff2:7bc:1225,10.0.25.0
1226,DMZ-0-26,fd8d:6ff2:7bc:1226,10.0.26.0
1227,DMZ-0-27,fd8d:6ff2:7bc:1227,10.0.27.0
1228,DMZ-0-28,fd8d:6ff2:7bc:1228,10.0.28.0
1229,DMZ-0-29,fd8d:6ff2:7bc:1229,10.0.29.0
1230,DMZ-0-30,fd8d:6ff2:7bc:1230,10.0.30.0
1231,DMZ-0-31,fd8d:6ff2:7bc:1231,10.0.31.0
1232,DMZ-0-32,fd8d:6ff2:7bc:1232,10.0.32.0
1233,DMZ-0-33,fd8d:6ff2:7bc:1233,10.0.33.0
1234,DMZ-0-34,fd8d:6ff2:7bc:1234,10.0.34.0
1235,DMZ-0-35,fd8d:6ff2:7bc:1235,10.0.35.0
1236,DMZ-0-36,fd8d:6ff2:7bc:1236,10.0.36.0
1237,DMZ-0-37,fd8d:6ff2:7bc:1237,10.0.37.0
1238,DMZ-0-38,fd8d:6ff2:7bc:1238,10.0.38.0
1239,DMZ-0-39,fd8d:6ff2:7bc:1239,10.0.39.0
1240,DMZ-0-40,fd8d:6ff2:7bc:1240,10.0.40.0
1241,DMZ-0-41,fd8d:6ff2:7bc:1241,10.0.41.0
1242,DMZ-0-42,fd8d:6ff2:7bc:1242,10.0.42.0
1243,DMZ-0-43,fd8d:6ff2:7bc:1243,10.0.43.0
1244,DMZ-0-44,fd8d:6ff2:7bc:1244,10.0.44.0
1245,DMZ-0-45,fd8d:6ff2:7bc:1245,10.0.45.0
1246,DMZ-0-46,fd8d:6ff2:7bc:1246,10.0.46.0
1247,DMZ-0-47,fd8d:6ff2:7bc:1247,10.0.47.0
1248,DMZ-0-48,fd8d:6ff2:7bc:1248,10.0.48.0
1249,DMZ-0-49,fd8d:6ff2:7bc:1249,10.0.49.0
1250,DMZ-0-50,fd8d:6ff2:7bc:1250,10.0.50.0
1251,DMZ-0-51,fd8d:6ff2:7bc:1251,10.0.51.0
1252,DMZ-0-52,fd8d:6ff2:7bc:1252,10.0.52.0
1253,DMZ-0-53,fd8d:6ff2:7bc:1253,10.0.53.0
1254,DMZ-0-54,fd8d:6ff2:7bc:1254,10.0.54.0
1255,DMZ-0-55,fd8d:6ff2:7bc:1255,10.0.55.0
1256,DMZ-0-56,fd8d:6ff2:7bc:1256,10.0.56.0
1257,DMZ-0-57,fd8d:6ff2:7bc:1257,10.0.57.0
1258,DMZ-0-58,fd8d:6ff2:7bc:1258,10.0.58.0
1259,DMZ-0-59,fd8d:6ff2:7bc:1259,10.0.59.0
1260,DMZ-0-60,fd8d:6ff2:7bc:1260,10.0.60.0
1261,DMZ-0-61,fd8d:6ff2:7bc:1261,10.0.61.0
1262,DMZ-0-62,fd8d:6ff2:7bc:1262,10.0.62.0
1263,DMZ-0-63,fd8d:6ff2:7bc:1263,10.0.63.0
1264,DMZ-0-64,fd8d:6ff2:7bc:1264,10.0.64.0
1265,DMZ-0-65,fd8d:6ff2:7bc:1265,10.0.65.0
1266,DMZ-0-66,fd8d:6ff2:7bc:1266,10.0.66.0
1267,DMZ-0-67,fd8d:6ff2:7bc:1267,10.0.67.0
1268,DMZ-0-68,fd8d:6ff2:7bc:1268,10.0.68.0
1269,DMZ-0-69,fd8d:6ff2:7bc:1269,10.0.69.0
1270,DMZ-0-70,fd8d:6ff2:7bc:1270,10.0.70.0
1271,DMZ-0-71,fd8d:6ff2:7bc:1271,10.0.71.0
1272,DMZ-0-72,fd8d:6ff2:7bc:1272,10.0.72.0
1273,DMZ-0-73,fd8d:6ff2:7bc:1273,10.0.73.0
1274,DMZ-0-74,fd8d:6ff2:7bc:1274,10.0.74.0
1275,DMZ-0-75,fd8d:6ff2:7bc:1275,10.0.75.0
1276,DMZ-0-76,fd8d:6ff2:7bc:1276,10.0.76.0
1277,DMZ-0-77,fd8d:6ff2:7bc:1277,10.0.77.0
1278,DMZ-0-78,fd8d:6ff2:7bc:1278,10.0.78.0
1279,DMZ-0-79,fd8d:6ff2:7bc:1279,10.0.79.0
1280,DMZ-0-80,fd8d:6ff2:7bc:1280,10.0.80.0
1281,DMZ-0-81,fd8d:6ff2:7bc:1281,10.0.81.0
1282,DMZ-0-82,fd8d:6ff2:7bc:1282,10.0.82.0
1283,DMZ-0-83,fd8d:6ff2:7bc:1283,10.0.83.0
1284,DMZ-0-84,fd8d:6ff2:7bc:1284,10.0.84.0
1285,DMZ-0-85,fd8d:6ff2:7bc:1285,10.0.85.0
1286,DMZ-0-86,fd8d:6ff2:7bc:1286,10.0.86.0
1287,DMZ-0-87,fd8d:6ff2:7bc:1287,10.0.87.0
1288,DMZ-0-88,fd8d:6ff2:7bc:1288,10.0.88.0
1289,DMZ-0-89,fd8d:6ff2:7bc:1289,10.0.89.0
1290,DMZ-0-90,fd8d:6ff2:7bc:1290,10.0.90.0
1291,DMZ-0-91,fd8d:6ff2:7bc:1291,10.0.91.0
1292,DMZ-0-92,fd8d:6ff2:7bc:1292,10.0.92.0
1293,DMZ-0-93,fd8d:6ff2:7bc:1293,10.0.93.0
1294,DMZ-0-94,fd8d:6ff2:7bc:1294,10.0.94.0
1295,DMZ-0-95,fd8d:6ff2:7bc:1295,10.0.95.0
1296,DMZ-0-96,fd8d:6ff2:7bc:1296,10.0.96.0
1297,DMZ-0-97,fd8d:6ff2:7bc:1297,10.0.97.0
1298,DMZ-0-98,fd8d:6ff2:7bc:1298,10.0.98.0
1299,DMZ-0-99,fd8d:6ff2:7bc:1299,10.0.99.0
1300,DMZ-1-0,fd8d:6ff2:7bc:1300,10.1.0.0
1301,DMZ-1-1,fd8d:6ff2:7bc:1301,10.1.1.0
1302,DMZ-1-2,fd8d:6ff2:7bc:1302,10.1.2.0
1303,DMZ-1-3,fd8d:6ff2:7bc:1303,10.1.3.0
1304,DMZ-1-4,fd8d:6ff2:7bc:1304,10.1.4.0
1305,DMZ-1-5,fd8d:6ff2:7bc:1305,10.1.5.0
1306,DMZ-1-6,fd8d:6ff2:7bc:1306,10.1.6.0
1307,DMZ-1-7,fd8d:6ff2:7bc:1307,10.1.7.0
1308,DMZ-1-8,fd8d:6ff2:7bc:1308,10.1.8.0
1309,DMZ-1-9,fd8d:6ff2:7bc:1309,10.1.9.0
1310,DMZ-1-10,fd8d:6ff2:7bc:1310,10.1.10.0
1311,DMZ-1-11,fd8d:6ff2:7bc:1311,10.1.11.0
1312,DMZ-1-12,fd8d:6ff2:7bc:1312,10.1.12.0
1313,DMZ-1-13,fd8d:6ff2:7bc:1313,10.1.13.0
1314,DMZ-1-14,fd8d:6ff2:7bc:1314,10.1.14.0
1315,DMZ-1-15,fd8d:6ff2:7bc:1315,10.1.15.0
1316,DMZ-1-16,fd8d:6ff2:7bc:1316,10.1.16.0
1317,DMZ-1-17,fd8d:6ff2:7bc:1317,10.1.17.0
1318,DMZ-1-18,fd8d:6ff2:7bc:1318,10.1.18.0
1319,DMZ-1-19,fd8d:6ff2:7bc:1319,10.1.19.0
1320,DMZ-1-20,fd8d:6ff2:7bc:1320,10.1.20.0
1321,DMZ-1-21,fd8d:6ff2:7bc:1321,10.1.21.0
1322,DMZ-1-22,fd8d:6ff2:7bc:1322,10.1.22.0
1323,DMZ-1-23,fd8d:6ff2:7bc:1323,10.1.23.0
1324,DMZ-1-24,fd8d:6ff2:7bc:1324,10.1.24.0
1325,DMZ-1-25,fd8d:6ff2:7bc:1325,10.1.25.0
1326,DMZ-1-26,fd8d:6ff2:7bc:1326,10.1.26.0
1327,DMZ-1-27,fd8d:6ff2:7bc:1327,10.1.27.0
1328,DMZ-1-28,fd8d:6ff2:7bc:1328,10.1.28.0
1329,DMZ-1-29,fd8d:6ff2:7bc:1329,10.1.29.0
1330,DMZ-1-30,fd8d:6ff2:7bc:1330,10.1.30.0
1331,DMZ-1-31,fd8d:6ff2:7bc:1331,10.1.31.0
1332,DMZ-1-32,fd8d:6ff2:7bc:1332,10.1.32.0
1333,DMZ-1-33,fd8d:6ff2:7bc:1333,10.1.33.0
1334,DMZ-1-34,fd8d:6ff2:7bc:1334,10.1.34.0
1335,DMZ-1-35,fd8d:6ff2:7bc:1335,10.1.35.0
1336,DMZ-1-36,fd8d:6ff2:7bc:1336,10.1.36.0
1337,DMZ-1-37,fd8d:6ff2:7bc:1337,10.1.37.0
1338,DMZ-1-38,fd8d:6ff2:7bc:1338,10.1.38.0
1339,DMZ-1-39,fd8d:6ff2:7bc:1339,10.1.39.0
1340,DMZ-1-40,fd8d:6ff2:7bc:1340,10.1.40.0
1341,DMZ-1-41,fd8d:6ff2:7bc:1341,10.1.41.0
1342,DMZ-1-42,fd8d:6ff2:7bc:1342,10.1.42.0
1343,DMZ-1-43,fd8d:6ff2:7bc:1343,10.1.43.0
1344,DMZ-1-44,fd8d:6ff2:7bc:1344,10.1.44.0
1345,DMZ-1-45,fd8d:6ff2:7bc:1345,10.1.45.0
1346,DMZ-1-46,fd8d:6ff2:7bc:1346,10.1.46.0
1347,DMZ-1-47,fd8d:6ff2:7bc:1347,10.1.47.0
1348,DMZ-1-48,fd8d:6ff2:7bc:1348,10.1.48.0
1349,DMZ-1-49,fd8d:6ff2:7bc:1349,10.1.49.0
1350,DMZ-1-50,fd8d:6ff2:7bc:1350,10.1.50.0
1351,DMZ-1-51,fd8d:6ff2:7bc:1351,10.1.51.0
1352,DMZ-1-52,fd8d:6ff2:7bc:1352,10.1.52.0
1353,DMZ-1-53,fd8d:6ff2:7bc:1353,10.1.53.0
1354,DMZ-1-54,fd8d:6ff2:7bc:1354,10.1.54.0
1355,DMZ-1-55,fd8d:6ff2:7bc:1355,10.1.55.0
1356,DMZ-1-56,fd8d:6ff2:7bc:1356,10.1.56.0
1357,DMZ-1-57,fd8d:6ff2:7bc:1357,10.1.57.0
1358,DMZ-1-58,fd8d:6ff2:7bc:1358,10.1.58.0
1359,DMZ-1-59,fd8d:6ff2:7bc:1359,10.1.59.0
1360,DMZ-1-60,fd8d:6ff2:7bc:1360,10.1.60.0
1361,DMZ-1-61,fd8d:6ff2:7bc:1361,10.1.61.0
1362,DMZ-1-62,fd8d:6ff2:7bc:1362,10.1.62.0
1363,DMZ-1-63,fd8d:6ff2:7bc:1363,10.1.63.0
1364,DMZ-1-64,fd8d:6ff2:7bc:1364,10.1.64.0
1365,DMZ-1-65,fd8d:6ff2:7bc:1365,10.1.65.0
1366,DMZ-1-66,fd8d:6ff2:7bc:1366,10.1.66.0
1367,DMZ-1-67,fd8d:6ff2:7bc:1367,10.1.67.0
1368,DMZ-1-68,fd8d:6ff2:7bc:1368,10.1.68.0
1369,DMZ-1-69,fd8d:6ff2:7bc:1369,10.1.69.0
1370,DMZ-1-70,fd8d:6ff2:7bc:1370,10.1.70.0
1371,DMZ-1-71,fd8d:6ff2:7bc:1371,10.1.71.0
1372,DMZ-1-72,fd8d:6ff2:7bc:1372,10.1.72.0
1373,DMZ-1-73,fd8d:6ff2:7bc:1373,10.1.73.0
1374,DMZ-1-74,fd8d:6ff2:7bc:1374,10.1.74.0
1375,DMZ-1-75,fd8d:6ff2:7bc:1375,10.1.75.0
1376,DMZ-1-76,fd8d:6ff2:7bc:1376,10.1.76.0
1377,DMZ-1-77,fd8d:6ff2:7bc:1377,10.1.77.0
1378,DMZ-1-78,fd8d:6ff2:7bc:1378,10.1.78.0
1379,DMZ-1-79,fd8d:6ff2:7bc:1379,10.1.79.0
1380,DMZ-1-80,fd8d:6ff2:7bc:1380,10.1.80.0
1381,DMZ-1-81,fd8d:6ff2:7bc:1381,10.1.81.0
1382,DMZ-1-82,fd8d:6ff2:7bc:1382,10.1.82.0
1383,DMZ-1-83,fd8d:6ff2:7bc:1383,10.1.83.0
1384,DMZ-1-84,fd8d:6ff2:7bc:1384,10.1.84.0
1385,DMZ-1-85,fd8d:6ff2:7bc:1385,10.1.85.0
1386,DMZ-1-86,fd8d:6ff2:7bc:1386,10.1.86.0
1387,DMZ-1-87,fd8d:6ff2:7bc:1387,10.1.87.0
1388,DMZ-1-88,fd8d:6ff2:7bc:1388,10.1.88.0
1389,DMZ-1-89,fd8d:6ff2:7bc:1389,10.1.89.0
1390,DMZ-1-90,fd8d:6ff2:7bc:1390,10.1.90.0
1391,DMZ-1-91,fd8d:6ff2:7bc:1391,10.1.91.0
1392,DMZ-1-92,fd8d:6ff2:7bc:1392,10.1.92.0
1393,DMZ-1-93,fd8d:6ff2:7bc:1393,10.1.93.0
1394,DMZ-1-94,fd8d:6ff2:7bc:1394,10.1.94.0
1395,DMZ-1-95,fd8d:6ff2:7bc:1395,10.1.95.0
1396,DMZ-1-96,fd8d:6ff2:7bc:1396,10.1.96.0
1397,DMZ-1-97,fd8d:6ff2:7bc:1397,10.1.97.0
1398,DMZ-1-98,fd8d:6ff2:7bc:1398,10.1.98.0
1399,DMZ-1-99,fd8d:6ff2:7bc:1399,10.1.99.0
1400,DMZ-2-0,fd8d:6ff2:7bc:1400,10.2.0.0
1401,DMZ-2-1,fd8d:6ff2:7bc:1401,10.2.1.0
1402,DMZ-2-2,fd8d:6ff2:7bc:1402,10.2.2.0
1403,DMZ-2-3,fd8d:6ff2:7bc:1403,10.2.3.0
1404,DMZ-2-4,fd8d:6ff2:7bc:1404,10.2.4.0
1405,DMZ-2-5,fd8d:6ff2:7bc:1405,10.2.5.0
1406,DMZ-2-6,fd8d:6ff2:7bc:1406,10.2.6.0
1407,DMZ-2-7,fd8d:6ff2:7bc:1407,10.2.7.0
1408,DMZ-2-8,fd8d:6ff2:7bc:1408,10.2.8.0
1409,DMZ-2-9,fd8d:6ff2:7bc:1409,10.2.9.0
1410,DMZ-2-10,fd8d:6ff2:7bc:1410,10.2.10.0
1411,DMZ-2-11,fd8d:6ff2:7bc:1411,10.2.11.0
1412,DMZ-2-12,fd8d:6ff2:7bc:1412,10.2.12.0
1413,DMZ-2-13,fd8d:6ff2:7bc:1413,10.2.13.0
1414,DMZ-2-14,fd8d:6ff2:7bc:1414,10.2.14.0
1415,DMZ-2-15,fd8d:6ff2:7bc:1415,10.2.15.0
1416,DMZ-2-16,fd8d:6ff2:7bc:1416,10.2.16.0
1417,DMZ-2-17,fd8d:6ff2:7bc:1417,10.2.17.0
1418,DMZ-2-18,fd8d:6ff2:7bc:1418,10.2.18.0
1419,DMZ-2-19,fd8d:6ff2:7bc:1419,10.2.19.0
1420,DMZ-2-20,fd8d:6ff2:7bc:1420,10.2.20.0
1421,DMZ-2-21,fd8d:6ff2:7bc:1421,10.2.21.0
1422,DMZ-2-22,fd8d:6ff2:7bc:1422,10.2.22.0
1423,DMZ-2-23,fd8d:6ff2:7bc:1423,10.2.23.0
1424,DMZ-2-24,fd8d:6ff2:7bc:1424,10.2.24.0
1425,DMZ-2-25,fd8d:6ff2:7bc:1425,10.2.25.0
1426,DMZ-2-26,fd8d:6ff2:7bc:1426,10.2.26.0
1427,DMZ-2-27,fd8d:6ff2:7bc:1427,10.2.27.0
1428,DMZ-2-28,fd8d:6ff2:7bc:1428,10.2.28.0
1429,DMZ-2-29,fd8d:6ff2:7bc:1429,10.2.29.0
1430,DMZ-2-30,fd8d:6ff2:7bc:1430,10.2.30.0
1431,DMZ-2-31,fd8d:6ff2:7bc:1431,10.2.31.0
1432,DMZ-2-32,fd8d:6ff2:7bc:1432,10.2.32.0
1433,DMZ-2-33,fd8d:6ff2:7bc:1433,10.2.33.0
1434,DMZ-2-34,fd8d:6ff2:7bc:1434,10.2.34.0
1435,DMZ-2-35,fd8d:6ff2:7bc:1435,10.2.35.0
1436,DMZ-2-36,fd8d:6ff2:7bc:1436,10.2.36.0
1437,DMZ-2-37,fd8d:6ff2:7bc:1437,10.2.37.0
1438,DMZ-2-38,fd8d:6ff2:7bc:1438,10.2.38.0
1439,DMZ-2-39,fd8d:6ff2:7bc:1439,10.2.39.0
1440,DMZ-2-40,fd8d:6ff2:7bc:1440,10.2.40.0
1441,DMZ-2-41,fd8d:6ff2:7bc:1441,10.2.41.0
1442,DMZ-2-42,fd8d:6ff2:7bc:1442,10.2.42.0
1443,DMZ-2-43,fd8d:6ff2:7bc:1443,10.2.43.0
1444,DMZ-2-44,fd8d:6ff2:7bc:1444,10.2.44.0
1445,DMZ-2-45,fd8d:6ff2:7bc:1445,10.2.45.0
1446,DMZ-2-46,fd8d:6ff2:7bc:1446,10.2.46.0
1447,DMZ-2-47,fd8d:6ff2:7bc:1447,10.2.47.0
1448,DMZ-2-48,fd8d:6ff2:7bc:1448,10.2.48.0
1449,DMZ-2-49,fd8d:6ff2:7bc:1449,10.2.49.0
1450,DMZ-2-50,fd8d:6ff2:7bc:1450,10.2.50.0
1451,DMZ-2-51,fd8d:6ff2:7bc:1451,10.2.51.0
1452,DMZ-2-52,fd8d:6ff2:7bc:1452,10.2.52.0
1453,DMZ-2-53,fd8d:6ff2:7bc:1453,10.2.53.0
1454,DMZ-2-54,fd8d:6ff2:7bc:1454,10.2.54.0
1455,DMZ-2-55,fd8d:6ff2:7bc:1455,10.2.55.0
1456,DMZ-2-56,fd8d:6ff2:7bc:1456,10.2.56.0
1457,DMZ-2-57,fd8d:6ff2:7bc:1457,10.2.57.0
1458,DMZ-2-58,fd8d:6ff2:7bc:1458,10.2.58.0
1459,DMZ-2-59,fd8d:6ff2:7bc:1459,10.2.59.0
1460,DMZ-2-60,fd8d:6ff2:7bc:1460,10.2.60.0
1461,DMZ-2-61,fd8d:6ff2:7bc:1461,10.2.61.0
1462,DMZ-2-62,fd8d:6ff2:7bc:1462,10.2.62.0
1463,DMZ-2-63,fd8d:6ff2:7bc:1463,10.2.63.0
1464,DMZ-2-64,fd8d:6ff2:7bc:1464,10.2.64.0
1465,DMZ-2-65,fd8d:6ff2:7bc:1465,10.2.65.0
1466,DMZ-2-66,fd8d:6ff2:7bc:1466,10.2.66.0
1467,DMZ-2-67,fd8d:6ff2:7bc:1467,10.2.67.0
1468,DMZ-2-68,fd8d:6ff2:7bc:1468,10.2.68.0
1469,DMZ-2-69,fd8d:6ff2:7bc:1469,10.2.69.0
1470,DMZ-2-70,fd8d:6ff2:7bc:1470,10.2.70.0
1471,DMZ-2-71,fd8d:6ff2:7bc:1471,10.2.71.0
1472,DMZ-2-72,fd8d:6ff2:7bc:1472,10.2.72.0
1473,DMZ-2-73,fd8d:6ff2:7bc:1473,10.2.73.0
1474,DMZ-2-74,fd8d:6ff2:7bc:1474,10.2.74.0
1475,DMZ-2-75,fd8d:6ff2:7bc:1475,10.2.75.0
1476,DMZ-2-76,fd8d:6ff2:7bc:1476,10.2.76.0
1477,DMZ-2-77,fd8d:6ff2:7bc:1477,10.2.77.0
1478,DMZ-2-78,fd8d:6ff2:7bc:1478,10.2.78.0
1479,DMZ-2-79,fd8d:6ff2:7bc:1479,10.2.79.0
1480,DMZ-2-80,fd8d:6ff2:7bc:1480,10.2.80.0
1481,DMZ-2-81,fd8d:6ff2:7bc:1481,10.2.81.0
1482,DMZ-2-82,fd8d:6ff2:7bc:1482,10.2.82.0
1483,DMZ-2-83,fd8d:6ff2:7bc:1483,10.2.83.0
1484,DMZ-2-84,fd8d:6ff2:7bc:1484,10.2.84.0
1485,DMZ-2-85,fd8d:6ff2:7bc:1485,10.2.85.0
1486,DMZ-2-86,fd8d:6ff2:7bc:1486,10.2.86.0
1487,DMZ-2-87,fd8d:6ff2:7bc:1487,10.2.87.0
1488,DMZ-2-88,fd8d:6ff2:7bc:1488,10.2.88.0
1489,DMZ-2-89,fd8d:6ff2:7bc:1489,10.2.89.0
1490,DMZ-2-90,fd8d:6ff2:7bc:1490,10.2.90.0
1491,DMZ-2-91,fd8d:6ff2:7bc:1491,10.2.91.0
1492,DMZ-2-92,fd8d:6ff2:7bc:1492,10.2.92.0
1493,DMZ-2-93,fd8d:6ff2:7bc:1493,10.2.93.0
1494,DMZ-2-94,fd8d:6ff2:7bc:1494,10.2.94.0
1495,DMZ-2-95,fd8d:6ff2:7bc:1495,10.2.95.0
1496,DMZ-2-96,fd8d:6ff2:7bc:1496,10.2.96.0
1497,DMZ-2-97,fd8d:6ff2:7bc:1497,10.2.97.0
1498,DMZ-2-98,fd8d:6ff2:7bc:1498,10.2.98.0
1499,DMZ-2-99,fd8d:6ff2:7bc:1499,10.2.99.0
1500,DMZ-3-0,fd8d:6ff2:7bc:1500,10.3.0.0
1501,DMZ-3-1,fd8d:6ff2:7bc:1501,10.3.1.0
1502,DMZ-3-2,fd8d:6ff2:7bc:1502,10.3.2.0
1503,DMZ-3-3,fd8d:6ff2:7bc:1503,10.3.3.0
1504,DMZ-3-4,fd8d:6ff2:7bc:1504,10.3.4.0
1505,DMZ-3-5,fd8d:6ff2:7bc:1505,10.3.5.0
1506,DMZ-3-6,fd8d:6ff2:7bc:1506,10.3.6.0
1507,DMZ-3-7,fd8d:6ff2:7bc:1507,10.3.7.0
1508,DMZ-3-8,fd8d:6ff2:7bc:1508,10.3.8.0
1509,DMZ-3-9,fd8d:6ff2:7bc:1509,10.3.9.0
1510,DMZ-3-10,fd8d:6ff2:7bc:1510,10.3.10.0
1511,DMZ-3-11,fd8d:6ff2:7bc:1511,10.3.11.0
1512,DMZ-3-12,fd8d:6ff2:7bc:1512,10.3.12.0
1513,DMZ-3-13,fd8d:6ff2:7bc:1513,10.3.13.0
1514,DMZ-3-14,fd8d:6ff2:7bc:1514,10.3.14.0
1515,DMZ-3-15,fd8d:6ff2:7bc:1515,10.3.15.0
1516,DMZ-3-16,fd8d:6ff2:7bc:1516,10.3.16.0
1517,DMZ-3-17,fd8d:6ff2:7bc:1517,10.3.17.0
1518,DMZ-3-18,fd8d:6ff2:7bc:1518,10.3.18.0
1519,DMZ-3-19,fd8d:6ff2:7bc:1519,10.3.19.0
1520,DMZ-3-20,fd8d:6ff2:7bc:1520,10.3.20.0
1521,DMZ-3-21,fd8d:6ff2:7bc:1521,10.3.21.0
1522,DMZ-3-22,fd8d:6ff2:7bc:1522,10.3.22.0
1523,DMZ-3-23,fd8d:6ff2:7bc:1523,10.3.23.0
1524,DMZ-3-24,fd8d:6ff2:7bc:1524,10.3.24.0
1525,DMZ-3-25,fd8d:6ff2:7bc:1525,10.3.25.0
1526,DMZ-3-26,fd8d:6ff2:7bc:1526,10.3.26.0
1527,DMZ-3-27,fd8d:6ff2:7bc:1527,10.3.27.0
1528,DMZ-3-28,fd8d:6ff2:7bc:1528,10.3.28.0
1529,DMZ-3-29,fd8d:6ff2:7bc:1529,10.3.29.0
1530,DMZ-3-30,fd8d:6ff2:7bc:1530,10.3.30.0
1531,DMZ-3-31,fd8d:6ff2:7bc:1531,10.3.31.0
1532,DMZ-3-32,fd8d:6ff2:7bc:1532,10.3.32.0
1533,DMZ-3-33,fd8d:6ff2:7bc:1533,10.3.33.0
1534,DMZ-3-34,fd8d:6ff2:7bc:1534,10.3.34.0
1535,DMZ-3-35,fd8d:6ff2:7bc:1535,10.3.35.0
1536,DMZ-3-36,fd8d:6ff2:7bc:1536,10.3.36.0
1537,DMZ-3-37,fd8d:6ff2:7bc:1537,10.3.37.0
1538,DMZ-3-38,fd8d:6ff2:7bc:1538,10.3.38.0
1539,DMZ-3-39,fd8d:6ff2:7bc:1539,10.3.39.0
1540,DMZ-3-40,fd8d:6ff2:7bc:1540,10.3.40.0
1541,DMZ-3-41,fd8d:6ff2:7bc:1541,10.3.41.0
1542,DMZ-3-42,fd8d:6ff2:7bc:1542,10.3.42.0
1543,DMZ-3-43,fd8d:6ff2:7bc:1543,10.3.43.0
1544,DMZ-3-44,fd8d:6ff2:7bc:1544,10.3.44.0
1545,DMZ-3-45,fd8d:6ff2:7bc:1545,10.3.45.0
1546,DMZ-3-46,fd8d:6ff2:7bc:1546,10.3.46.0
1547,DMZ-3-47,fd8d:6ff2:7bc:1547,10.3.47.0
1548,DMZ-3-48,fd8d:6ff2:7bc:1548,10.3.48.0
1549,DMZ-3-49,fd8d:6ff2:7bc:1549,10.3.49.0
1550,DMZ-3-50,fd8d:6ff2:7bc:1550,10.3.50.0
1551,DMZ-3-51,fd8d:6ff2:7bc:1551,10.3.51.0
1552,DMZ-3-52,fd8d:6ff2:7bc:1552,10.3.52.0
1553,DMZ-3-53,fd8d:6ff2:7bc:1553,10.3.53.0
1554,DMZ-3-54,fd8d:6ff2:7bc:1554,10.3.54.0
1555,DMZ-3-55,fd8d:6ff2:7bc:1555,10.3.55.0
1556,DMZ-3-56,fd8d:6ff2:7bc:1556,10.3.56.0
1557,DMZ-3-57,fd8d:6ff2:7bc:1557,10.3.57.0
1558,DMZ-3-58,fd8d:6ff2:7bc:1558,10.3.58.0
1559,DMZ-3-59,fd8d:6ff2:7bc:1559,10.3.59.0
1560,DMZ-3-60,fd8d:6ff2:7bc:1560,10.3.60.0
1561,DMZ-3-61,fd8d:6ff2:7bc:1561,10.3.61.0
1562,DMZ-3-62,fd8d:6ff2:7bc:1562,10.3.62.0
1563,DMZ-3-63,fd8d:6ff2:7bc:1563,10.3.63.0
1564,DMZ-3-64,fd8d:6ff2:7bc:1564,10.3.64.0
1565,DMZ-3-65,fd8d:6ff2:7bc:1565,10.3.65.0
1566,DMZ-3-66,fd8d:6ff2:7bc:1566,10.3.66.0
1567,DMZ-3-67,fd8d:6ff2:7bc:1567,10.3.67.0
1568,DMZ-3-68,fd8d:6ff2:7bc:1568,10.3.68.0
1569,DMZ-3-69,fd8d:6ff2:7bc:1569,10.3.69.0
1570,DMZ-3-70,fd8d:6ff2:7bc:1570,10.3.70.0
1571,DMZ-3-71,fd8d:6ff2:7bc:1571,10.3.71.0
1572,DMZ-3-72,fd8d:6ff2:7bc:1572,10.3.72.0
1573,DMZ-3-73,fd8d:6ff2:7bc:1573,10.3.73.0
1574,DMZ-3-74,fd8d:6ff2:7bc:1574,10.3.74.0
1575,DMZ-3-75,fd8d:6ff2:7bc:1575,10.3.75.0
1576,DMZ-3-76,fd8d:6ff2:7bc:1576,10.3.76.0
1577,DMZ-3-77,fd8d:6ff2:7bc:1577,10.3.77.0
1578,DMZ-3-78,fd8d:6ff2:7bc:1578,10.3.78.0
1579,DMZ-3-79,fd8d:6ff2:7bc:1579,10.3.79.0
1580,DMZ-3-80,fd8d:6ff2:7bc:1580,10.3.80.0
1581,DMZ-3-81,fd8d:6ff2:7bc:1581,10.3.81.0
1582,DMZ-3-82,fd8d:6ff2:7bc:1582,10.3.82.0
1583,DMZ-3-83,fd8d:6ff2:7bc:1583,10.3.83.0
1584,DMZ-3-84,fd8d:6ff2:7bc:1584,10.3.84.0
1585,DMZ-3-85,fd8d:6ff2:7bc:1585,10.3.85.0
1586,DMZ-3-86,fd8d:6ff2:7bc:1586,10.3.86.0
1587,DMZ-3-87,fd8d:6ff2:7bc:1587,10.3.87.0
1588,DMZ-3-88,fd8d:6ff2:7bc:1588,10.3.88.0
1589,DMZ-3-89,fd8d:6ff2:7bc:1589,10.3.89.0
1590,DMZ-3-90,fd8d:6ff2:7bc:1590,10.3.90.0
1591,DMZ-3-91,fd8d:6ff2:7bc:1591,10.3.91.0
1592,DMZ-3-92,fd8d:6ff2:7bc:1592,10.3.92.0
1593,DMZ-3-93,fd8d:6ff2:7bc:1593,10.3.93.0
1594,DMZ-3-94,fd8d:6ff2:7bc:1594,10.3.94.0
1595,DMZ-3-95,fd8d:6ff2:7bc:1595,10.3.95.0
1596,DMZ-3-96,fd8d:6ff2:7bc:1596,10.3.96.0
1597,DMZ-3-97,fd8d:6ff2:7bc:1597,10.3.97.0
1598,DMZ-3-98,fd8d:6ff2:7bc:1598,10.3.98.0
1599,DMZ-3-99,fd8d:6ff2:7bc:1599,10.3.99.0
4000+,Jail/HW-TESTING,N/A,N/A
